Name,Team,G,PA,AB,H,HR,R,RBI,SB,AVG,OBP,SLG,OPS,ISO,BABIP,wOBA,wRC+,BB%,K%,xBA,xSLG,xwOBA,HardHit%,Barrel%,EV,LA,maxEV,Pull%,Cent%,Oppo%,Soft%,Med%,Hard%,K:BB,Rank
Aaron Judge,NYY,128,572,465,151,43,111,97,9,0.325,0.442,0.671,1.113,0.346,0.382,0.451,195,17.0,25.2,0.3,0.695,0.451,55.50000000000001,23.9,95.1,19.1,118.1,38.3,35.3,26.400000000000002,9.5,47.9,42.6,1.48,1
Nicholas Kurtz,ATH,95,396,337,104,27,70,71,2,0.309,0.403,0.632,1.035,0.323,0.395,0.432,177,13.600000000000001,29.799999999999997,0.265,0.555,0.389,51.1,17.5,92.8,14.7,113.8,36.9,34.2,28.800000000000004,7.200000000000001,49.5,43.2,2.19,2
Shohei Ohtani,LAD,135,620,523,146,46,125,87,17,0.279,0.388,0.61,0.998,0.331,0.312,0.412,168,14.7,25.5,0.29,0.666,0.438,58.4,22.0,94.9,14.3,120.0,47.1,36.0,16.9,10.1,45.2,44.7,1.73,3
George Springer,TOR,117,481,407,124,26,87,71,16,0.305,0.396,0.55,0.946,0.246,0.329,0.403,161,11.9,18.1,0.298,0.583,0.412,45.2,15.2,89.8,17.2,113.3,41.0,35.8,23.1,15.7,48.8,35.5,1.52,4
Juan Soto,NYM,137,610,487,126,37,106,91,27,0.259,0.399,0.524,0.923,0.265,0.264,0.391,156,18.7,19.3,0.297,0.627,0.443,56.00000000000001,18.1,94.3,11.5,115.0,41.9,37.6,20.5,14.7,40.5,44.8,1.03,5
Cal Raleigh,SEA,136,599,508,123,51,89,108,14,0.242,0.352,0.581,0.933,0.339,0.241,0.387,156,13.5,26.899999999999995,0.233,0.545,0.371,49.4,18.6,91.5,25.9,115.2,56.89999999999999,23.4,19.7,19.4,42.3,38.3,1.99,6
Kyle Schwarber,PHI,138,615,515,126,49,96,119,10,0.245,0.366,0.577,0.943,0.332,0.254,0.396,155,14.6,26.700000000000003,0.272,0.618,0.422,60.199999999999996,20.7,94.5,19.5,116.7,55.1,28.1,16.8,14.800000000000002,41.2,44.0,1.83,7
Ketel Marte,ARI,106,465,397,116,25,77,64,4,0.292,0.391,0.537,0.928,0.244,0.298,0.395,154,12.7,14.800000000000002,0.303,0.561,0.408,46.7,14.499999999999998,91.0,14.8,119.6,47.6,32.4,20.0,17.9,45.2,37.0,1.17,8
Will Smith,LAD,108,431,357,106,17,63,61,2,0.297,0.406,0.499,0.905,0.202,0.346,0.391,153,14.800000000000002,20.4,0.279,0.507,0.387,46.7,12.4,91.3,18.6,110.1,32.8,40.1,27.0,11.7,51.800000000000004,36.5,1.38,9
Ronald Acuna Jr.,ATL,73,316,261,73,15,58,31,6,0.28,0.405,0.502,0.907,0.222,0.349,0.391,152,16.8,25.3,0.261,0.522,0.389,51.9,14.899999999999999,92.3,14.6,115.5,38.7,40.3,21.0,12.2,48.1,39.8,1.51,10
Kyle Stowers,MIA,117,457,399,115,25,61,73,5,0.288,0.368,0.544,0.912,0.256,0.356,0.386,148,10.5,27.399999999999995,0.278,0.553,0.387,52.0,19.0,91.1,14.1,113.7,45.5,28.300000000000004,26.200000000000003,17.6,40.1,42.3,2.61,11
Ramon Laureano,- - -,112,411,372,110,22,63,70,6,0.296,0.355,0.54,0.896,0.245,0.346,0.381,147,6.800000000000001,24.1,0.285,0.535,0.375,49.6,13.8,90.3,14.0,112.7,44.9,32.6,22.5,13.4,46.4,40.2,3.54,12
Max Muncy,LAD,89,347,279,72,17,44,64,4,0.258,0.389,0.491,0.88,0.233,0.284,0.379,146,17.3,21.0,0.264,0.543,0.4,52.6,13.699999999999998,91.4,18.9,110.5,53.6,32.2,14.2,11.8,50.7,37.4,1.21,13
Jonathan Aranda,TBR,103,409,358,113,12,53,54,0,0.316,0.394,0.478,0.871,0.162,0.409,0.377,142,9.8,24.9,0.301,0.524,0.391,53.7,12.4,93.0,14.9,111.4,41.3,36.3,22.4,12.0,49.4,38.6,2.54,14
Pete Alonso,NYM,139,609,534,143,33,76,112,1,0.268,0.346,0.521,0.867,0.253,0.293,0.367,140,9.0,21.8,0.29,0.595,0.404,54.2,19.4,93.4,15.2,115.4,40.9,31.4,27.699999999999996,12.3,47.1,40.7,2.42,15
Rafael Devers,- - -,140,627,521,137,30,84,96,1,0.263,0.381,0.493,0.874,0.23,0.321,0.375,140,15.299999999999999,25.8,0.263,0.509,0.384,56.7,15.7,93.6,12.2,114.5,37.5,38.0,24.5,11.8,46.8,41.3,1.69,16
Vladimir Guerrero Jr.,TOR,133,582,498,145,21,87,75,6,0.291,0.387,0.478,0.865,0.187,0.312,0.372,140,12.7,14.3,0.317,0.535,0.405,50.8,12.9,92.3,8.4,120.4,37.9,36.0,26.0,16.2,42.0,41.8,1.13,17
Kyle Tucker,CHC,133,585,489,132,22,89,73,25,0.27,0.381,0.472,0.854,0.202,0.286,0.368,139,14.7,14.7,0.285,0.506,0.386,40.6,10.3,90.2,17.0,108.7,47.2,33.4,19.4,13.5,53.29999999999999,33.2,1.0,18
Freddie Freeman,LAD,124,527,465,138,18,69,76,4,0.297,0.37,0.495,0.865,0.198,0.351,0.369,139,9.9,20.9,0.283,0.486,0.365,46.1,10.3,91.3,15.3,114.1,42.8,31.1,26.1,10.0,51.4,38.6,2.11,19
Byron Buxton,MIN,105,451,405,110,29,83,72,21,0.272,0.333,0.553,0.886,0.281,0.306,0.37,138,8.0,25.900000000000002,0.262,0.536,0.364,54.79999999999999,18.0,92.3,17.5,114.0,53.1,29.9,17.0,12.6,47.6,39.8,3.24,20
Roman Anthony,BOS,71,303,257,75,8,48,32,4,0.292,0.396,0.463,0.859,0.171,0.404,0.377,138,13.200000000000001,27.699999999999996,0.268,0.499,0.382,60.3,15.5,94.5,6.9,113.7,43.1,37.9,19.0,8.6,47.1,44.3,2.1,21
Corbin Carroll,ARI,123,552,492,126,29,94,71,23,0.256,0.332,0.553,0.884,0.297,0.293,0.372,138,9.1,24.5,0.271,0.555,0.381,50.8,15.299999999999999,92.3,16.7,115.8,45.6,33.1,21.4,15.8,45.3,38.9,2.69,22
Trent Grisham,NYY,121,486,415,103,29,73,61,3,0.248,0.357,0.484,0.841,0.236,0.263,0.365,136,13.8,21.6,0.266,0.52,0.384,45.0,14.499999999999998,90.9,15.4,109.8,50.5,34.7,14.800000000000002,12.5,49.8,37.6,1.57,23
Corey Seager,TEX,102,445,380,103,21,61,50,3,0.271,0.373,0.487,0.86,0.216,0.299,0.366,136,13.0,19.6,0.298,0.591,0.413,53.6,15.299999999999999,92.9,11.6,112.4,37.3,38.6,24.1,8.1,50.8,41.0,1.51,24
Bryce Harper,PHI,110,484,420,113,23,63,64,11,0.269,0.36,0.502,0.862,0.233,0.301,0.367,135,11.6,20.9,0.282,0.521,0.381,48.1,12.7,91.3,11.9,113.8,37.6,35.1,27.3,11.8,49.7,38.5,1.8,25
Michael Busch,CHC,133,502,447,117,26,64,76,4,0.262,0.341,0.497,0.837,0.235,0.301,0.359,134,8.8,23.9,0.275,0.559,0.387,45.4,15.2,91.8,17.0,111.9,46.0,31.7,22.3,8.8,55.2,36.0,2.72,26
Jazz Chisholm Jr.,NYY,106,442,378,92,28,68,70,26,0.243,0.342,0.505,0.848,0.262,0.275,0.363,134,12.2,27.399999999999995,0.249,0.534,0.375,44.7,16.4,89.4,16.5,110.9,47.3,34.7,17.9,16.4,51.1,32.4,2.25,27
Jeremy Pena,HOU,110,472,427,130,14,57,51,20,0.304,0.365,0.473,0.838,0.169,0.344,0.362,134,6.6000000000000005,16.5,0.285,0.456,0.35,42.6,8.0,88.6,8.9,109.9,44.0,36.4,19.6,14.800000000000002,53.7,31.5,2.5,28
Alex Bregman,BOS,94,405,355,101,16,53,54,1,0.285,0.368,0.49,0.858,0.206,0.3,0.37,133,9.6,14.3,0.269,0.458,0.354,44.5,7.7,90.3,18.0,109.6,50.2,35.1,14.7,14.400000000000002,51.2,34.4,1.49,29
Isaac Paredes,HOU,94,409,351,91,19,51,50,0,0.259,0.359,0.47,0.829,0.211,0.27,0.361,133,12.0,16.4,0.244,0.399,0.332,33.2,6.3,87.3,22.5,107.4,56.3,27.6,16.1,17.8,52.800000000000004,29.4,1.37,30
Ivan Herrera,STL,85,354,307,88,13,38,53,6,0.287,0.368,0.45,0.818,0.163,0.326,0.357,132,9.3,19.2,0.281,0.487,0.368,46.3,10.2,91.0,10.4,113.0,39.1,32.9,28.000000000000004,14.800000000000002,49.0,36.2,2.06,31
Geraldo Perdomo,ARI,139,617,513,146,16,86,88,24,0.285,0.384,0.446,0.83,0.162,0.296,0.362,132,13.3,11.0,0.279,0.423,0.355,31.1,5.7,87.6,15.1,108.2,41.7,31.1,27.200000000000003,15.2,57.2,27.6,0.83,32
Bo Bichette,TOR,136,613,571,177,18,76,91,4,0.31,0.354,0.482,0.836,0.172,0.341,0.36,131,6.0,14.499999999999998,0.308,0.493,0.364,49.4,8.1,91.1,8.3,112.3,29.100000000000005,39.9,31.0,12.4,49.6,38.0,2.42,33
Bobby Witt Jr.,KCR,136,594,536,159,20,89,76,34,0.297,0.354,0.504,0.857,0.207,0.337,0.362,130,7.7,18.7,0.301,0.526,0.381,48.6,12.5,93.3,15.0,115.7,34.5,37.0,28.499999999999996,13.900000000000002,45.8,40.3,2.43,34
Matt Olson,ATL,139,623,535,144,21,79,77,1,0.269,0.366,0.458,0.824,0.189,0.338,0.358,130,13.0,24.7,0.258,0.483,0.363,53.0,13.200000000000001,93.1,14.1,114.0,37.7,34.3,28.1,12.2,48.8,39.0,1.9,35
Ryan O'Hearn,- - -,122,460,396,110,16,58,54,3,0.278,0.37,0.449,0.819,0.172,0.315,0.355,130,11.5,18.7,0.283,0.46,0.362,43.9,8.3,89.8,11.1,109.4,37.6,36.9,25.5,11.1,57.99999999999999,30.9,1.63,36
Eugenio Suarez,- - -,136,557,496,118,42,80,105,4,0.238,0.309,0.542,0.851,0.304,0.25,0.358,130,6.800000000000001,28.199999999999996,0.222,0.482,0.333,48.3,14.2,90.4,22.1,113.8,50.3,32.4,17.3,16.8,46.2,37.0,4.15,37
Drake Baldwin,ATL,102,354,318,90,15,43,62,0,0.283,0.356,0.462,0.818,0.179,0.302,0.357,129,9.3,15.5,0.288,0.495,0.369,49.4,10.6,91.6,5.9,112.3,36.9,38.8,24.3,13.699999999999998,55.1,31.2,1.67,38
Riley Greene,DET,136,567,520,140,32,75,101,2,0.269,0.325,0.513,0.838,0.244,0.339,0.356,129,7.200000000000001,30.3,0.256,0.526,0.355,44.7,17.7,90.1,14.8,115.1,40.2,32.2,27.6,12.8,52.400000000000006,34.8,4.21,39
Cody Bellinger,NYY,128,549,499,139,26,76,83,11,0.279,0.332,0.501,0.833,0.222,0.278,0.354,128,7.7,13.3,0.263,0.449,0.332,38.8,7.9,88.7,18.8,110.2,46.9,27.0,26.1,17.1,54.50000000000001,28.4,1.73,40
James Wood,WSN,136,597,515,133,27,74,86,15,0.258,0.355,0.476,0.831,0.217,0.349,0.355,128,12.7,31.3,0.265,0.499,0.366,54.1,16.0,93.6,6.6,118.0,29.9,41.1,28.999999999999996,10.6,49.8,39.6,2.46,41
Maikel Garcia,KCR,136,566,506,150,15,65,64,22,0.296,0.361,0.472,0.833,0.176,0.321,0.36,128,9.2,13.3,0.29,0.447,0.349,45.2,5.9,91.5,9.8,110.3,39.5,34.5,26.0,13.200000000000001,52.5,34.2,1.45,42
Christian Yelich,MIL,132,565,500,134,27,82,92,15,0.268,0.35,0.464,0.814,0.196,0.329,0.351,127,10.4,26.400000000000002,0.257,0.451,0.341,46.0,9.4,90.0,2.0,113.4,33.0,38.4,28.7,16.2,49.1,34.7,2.54,43
Isaac Collins,MIL,114,384,326,90,8,51,51,16,0.276,0.373,0.426,0.799,0.15,0.343,0.352,127,12.2,21.4,0.255,0.367,0.325,39.6,5.2,88.7,12.7,111.2,40.4,35.2,24.4,17.2,51.2,31.6,1.75,44
Fernando Tatis Jr.,SDP,135,604,515,135,18,93,57,27,0.262,0.369,0.427,0.796,0.165,0.301,0.348,127,13.600000000000001,18.0,0.284,0.497,0.382,52.800000000000004,10.8,93.3,8.3,112.8,40.3,36.6,23.1,11.3,51.4,37.3,1.32,45
Ben Rice,NYY,116,446,388,94,22,60,51,3,0.242,0.335,0.482,0.817,0.24,0.261,0.352,127,10.3,20.6,0.293,0.576,0.411,55.50000000000001,16.4,93.4,14.7,113.5,47.0,33.9,19.1,13.100000000000001,46.0,40.9,2.0,46
Jose Ramirez,CLE,133,565,500,140,26,84,68,36,0.28,0.354,0.494,0.848,0.214,0.273,0.352,127,9.6,10.8,0.292,0.457,0.346,36.3,7.000000000000001,88.6,20.0,111.6,52.900000000000006,29.100000000000005,18.0,18.5,51.6,30.0,1.12,47
Jeff McNeil,NYM,101,387,333,88,12,40,50,3,0.264,0.353,0.456,0.81,0.192,0.268,0.347,126,10.6,10.6,0.282,0.424,0.346,33.2,5.7,87.8,16.3,107.1,49.0,29.2,21.8,15.8,54.0,30.2,1.0,48
Randy Arozarena,SEA,137,601,521,126,26,82,66,25,0.242,0.338,0.451,0.789,0.209,0.295,0.343,126,9.0,26.5,0.246,0.454,0.348,51.2,11.8,91.5,13.3,112.3,41.6,37.5,20.8,17.0,42.7,40.3,2.94,49
Manny Machado,SDP,139,594,536,152,21,79,79,12,0.284,0.345,0.461,0.806,0.177,0.319,0.347,126,8.4,18.4,0.29,0.507,0.37,52.5,12.0,93.1,14.2,114.8,36.8,37.7,25.5,11.3,50.5,38.2,2.19,50
Junior Caminero,TBR,132,560,519,136,40,81,100,7,0.262,0.304,0.539,0.843,0.277,0.257,0.354,126,5.7,20.0,0.269,0.517,0.356,51.0,13.3,92.2,10.6,116.5,46.9,35.3,17.9,14.3,46.6,39.1,3.51,51
Shea Langeliers,ATH,105,440,406,106,29,60,65,5,0.261,0.307,0.537,0.844,0.276,0.26,0.354,124,6.6000000000000005,19.5,0.261,0.477,0.336,44.6,11.7,90.4,15.1,114.5,43.4,35.4,21.2,17.5,44.6,37.8,2.95,52
Brent Rooker,ATH,140,608,545,146,27,86,80,5,0.268,0.339,0.492,0.831,0.224,0.307,0.355,124,9.2,21.7,0.274,0.513,0.365,44.7,13.699999999999998,90.8,16.0,113.3,44.6,34.2,21.2,14.7,48.2,37.1,2.36,53
Brice Turang,MIL,133,564,502,145,17,86,69,22,0.289,0.356,0.442,0.798,0.153,0.352,0.347,124,9.4,22.3,0.272,0.444,0.343,46.5,8.1,90.9,8.3,111.2,27.699999999999996,39.4,32.9,9.7,57.70000000000001,32.6,2.37,54
Miguel Andujar,- - -,82,304,284,89,9,33,40,1,0.313,0.352,0.472,0.824,0.158,0.34,0.354,124,5.6,13.8,0.263,0.388,0.305,35.7,4.9,87.8,11.2,111.4,36.5,42.2,21.3,20.9,48.8,30.3,2.46,55
Yandy Diaz,TBR,129,564,509,146,22,67,76,3,0.287,0.348,0.472,0.819,0.185,0.302,0.352,124,7.8,14.499999999999998,0.297,0.478,0.363,52.1,9.0,93.1,5.4,114.0,28.7,41.0,30.3,13.699999999999998,47.7,38.7,1.86,56
Jorge Polanco,SEA,117,438,394,100,23,53,63,6,0.254,0.319,0.472,0.791,0.218,0.253,0.339,123,8.2,16.0,0.275,0.477,0.352,45.3,9.7,90.4,17.2,111.9,52.300000000000004,28.000000000000004,19.8,18.8,45.6,35.6,1.95,57
Jake Cronenworth,SDP,113,435,352,87,10,51,49,2,0.247,0.372,0.392,0.764,0.145,0.3,0.342,123,13.600000000000001,20.7,0.225,0.35,0.321,37.5,6.3,88.3,14.8,109.1,38.0,34.3,27.699999999999996,17.0,58.3,24.7,1.52,58
Trea Turner,PHI,136,618,569,171,14,92,66,36,0.301,0.353,0.453,0.806,0.153,0.347,0.349,123,6.800000000000001,16.8,0.276,0.415,0.324,41.5,5.8,89.3,9.8,111.7,40.0,36.6,23.3,12.8,54.6,32.5,2.47,59
Harrison Bader,- - -,122,398,351,95,14,44,47,10,0.271,0.349,0.45,0.799,0.179,0.34,0.348,123,8.5,25.6,0.23,0.392,0.312,41.7,10.7,87.0,11.9,112.3,46.8,33.3,19.8,21.8,46.0,32.1,3.01,60
Gunnar Henderson,BAL,132,558,497,138,16,77,61,20,0.278,0.349,0.455,0.804,0.177,0.334,0.346,122,9.1,21.5,0.291,0.443,0.352,50.1,8.7,92.4,9.7,113.9,37.8,38.1,24.1,12.6,48.0,39.4,2.36,61
Brandon Nimmo,NYM,132,554,495,132,22,72,78,12,0.267,0.335,0.455,0.789,0.188,0.304,0.341,122,8.3,20.9,0.268,0.446,0.34,50.9,8.8,92.1,11.5,112.2,35.8,35.6,28.6,13.5,50.1,36.4,2.52,62
Jacob Wilson,ATH,104,439,409,129,12,53,55,5,0.315,0.357,0.452,0.809,0.137,0.32,0.352,122,5.2,7.3,0.288,0.373,0.31,25.0,2.4,84.9,9.1,108.5,36.3,37.6,26.1,16.8,64.2,18.9,1.4,63
Jordan Westburg,BAL,73,304,283,78,15,53,34,1,0.276,0.326,0.473,0.799,0.198,0.312,0.345,122,4.9,21.7,0.269,0.478,0.343,43.8,11.1,90.4,13.9,110.8,35.9,39.6,24.4,15.7,45.6,38.7,4.43,64
Brandon Lowe,TBR,115,472,431,114,28,71,72,3,0.265,0.32,0.494,0.814,0.23,0.3,0.347,121,7.400000000000001,25.4,0.272,0.515,0.357,46.3,13.3,91.2,15.1,112.6,47.9,28.6,23.5,12.1,48.9,39.0,3.43,65
Francisco Lindor,NYM,137,627,559,148,26,95,77,27,0.265,0.333,0.454,0.788,0.19,0.29,0.34,121,7.5,19.1,0.262,0.448,0.339,43.9,8.3,90.2,14.1,112.9,42.9,35.5,21.6,17.5,51.5,31.0,2.55,66
Julio Rodriguez,SEA,138,614,568,150,27,89,79,24,0.264,0.316,0.463,0.779,0.199,0.302,0.335,121,5.5,22.1,0.28,0.494,0.353,46.8,9.9,91.5,8.7,114.7,35.9,40.8,23.3,15.2,48.8,35.9,4.02,67
Carson Kelly,CHC,95,358,309,79,14,44,46,1,0.256,0.346,0.437,0.783,0.181,0.273,0.342,121,11.7,17.0,0.254,0.437,0.342,38.9,9.1,88.7,15.8,109.7,46.4,26.200000000000003,27.399999999999995,18.3,50.4,31.3,1.45,68
Tyler Soderstrom,ATH,139,560,502,136,23,68,81,7,0.271,0.343,0.468,0.811,0.197,0.317,0.35,121,9.1,22.3,0.269,0.465,0.349,49.6,11.3,91.4,8.4,114.0,36.1,36.7,27.200000000000003,13.699999999999998,47.2,39.1,2.45,69
Alec Burleson,STL,122,472,430,123,16,47,60,5,0.286,0.337,0.451,0.788,0.165,0.302,0.34,120,7.200000000000001,13.600000000000001,0.276,0.472,0.348,42.6,9.1,91.2,16.0,111.1,36.1,40.2,23.7,14.800000000000002,51.2,34.0,1.89,70
Gavin Sheets,SDP,123,458,415,110,18,50,62,2,0.265,0.328,0.455,0.783,0.19,0.298,0.337,120,7.9,19.9,0.276,0.474,0.351,46.8,9.5,90.3,15.3,111.8,42.8,33.6,23.5,16.2,51.7,32.1,2.52,71
Alejandro Kirk,TOR,111,436,390,116,11,38,64,1,0.297,0.362,0.423,0.785,0.126,0.311,0.343,120,9.4,10.3,0.297,0.494,0.37,50.7,9.7,91.1,12.1,112.0,29.5,38.4,32.1,13.200000000000001,47.0,39.8,1.1,72
Jackson Chourio,MIL,109,486,457,129,18,75,69,18,0.282,0.317,0.486,0.803,0.204,0.32,0.341,120,4.7,19.8,0.269,0.453,0.326,40.8,9.0,88.8,11.7,113.7,34.0,38.6,27.399999999999995,19.5,45.2,35.3,4.21,73
Seiya Suzuki,CHC,133,579,510,125,27,68,89,5,0.245,0.323,0.473,0.796,0.227,0.287,0.34,120,10.7,25.6,0.268,0.524,0.371,48.8,17.9,91.7,18.2,116.2,41.2,35.2,23.6,13.600000000000001,50.4,36.0,2.39,74
Jake Meyers,HOU,89,322,289,89,3,47,21,14,0.308,0.369,0.405,0.774,0.097,0.374,0.341,119,8.4,18.0,0.281,0.412,0.334,38.7,5.1,88.3,10.4,110.4,34.5,43.4,22.1,14.000000000000002,49.8,36.2,2.14,75
Hunter Goodman,COL,122,489,455,126,27,64,80,1,0.277,0.323,0.523,0.846,0.246,0.33,0.36,118,5.7,26.6,0.248,0.468,0.327,48.3,12.8,91.0,17.1,116.2,49.2,35.2,15.6,15.0,41.3,43.7,4.67,76
Matt Chapman,SFG,106,442,376,86,18,60,50,9,0.229,0.339,0.426,0.765,0.197,0.27,0.336,118,13.3,24.4,0.251,0.449,0.355,48.1,10.4,92.4,16.6,113.5,42.6,32.2,25.2,16.7,47.8,35.6,1.83,77
Zach McKinstry,DET,126,460,404,107,11,62,46,19,0.265,0.344,0.446,0.79,0.181,0.321,0.341,118,9.8,21.3,0.259,0.368,0.316,30.5,5.8,85.7,14.0,108.7,44.7,30.5,24.8,16.4,57.9,25.7,2.17,78
Sal Frelick,MIL,122,513,457,136,10,64,53,18,0.298,0.36,0.411,0.771,0.114,0.328,0.339,118,7.6,12.9,0.272,0.358,0.311,27.399999999999995,3.0,85.5,11.3,109.1,44.3,34.3,21.4,24.7,54.2,21.2,1.7,79
Willson Contreras,STL,129,537,469,117,20,66,74,4,0.249,0.335,0.441,0.776,0.192,0.309,0.338,118,7.8,25.900000000000002,0.265,0.51,0.368,49.1,14.3,90.7,12.4,114.7,39.1,37.6,23.3,15.8,51.9,32.2,3.32,80
Zach Neto,LAA,119,517,473,124,25,79,60,24,0.262,0.319,0.486,0.805,0.224,0.313,0.342,118,5.6,26.1,0.263,0.517,0.357,46.6,14.400000000000002,91.0,17.5,111.3,49.6,30.8,19.6,10.3,53.1,36.7,4.66,81
Spencer Torkelson,DET,134,559,484,114,28,73,71,2,0.236,0.329,0.465,0.794,0.229,0.267,0.34,117,10.9,24.9,0.236,0.477,0.346,43.7,13.100000000000001,90.0,22.6,110.5,48.0,30.0,22.0,15.1,51.1,33.7,2.28,82
Jo Adell,LAA,131,492,450,108,32,53,86,4,0.24,0.3,0.496,0.796,0.256,0.26,0.34,117,5.9,25.8,0.28,0.571,0.384,49.1,17.2,91.5,15.4,115.7,40.1,34.0,25.900000000000002,15.4,47.2,37.3,4.37,83
Jose Altuve,HOU,134,574,518,141,24,73,68,9,0.272,0.334,0.456,0.79,0.183,0.287,0.338,117,8.4,16.0,0.245,0.392,0.305,29.7,6.3,84.9,17.1,110.6,57.3,27.6,15.1,20.0,51.5,28.499999999999996,1.9,84
Wyatt Langford,TEX,118,509,440,109,21,68,59,18,0.248,0.34,0.441,0.781,0.193,0.306,0.338,117,11.8,26.700000000000003,0.246,0.45,0.345,46.9,12.9,91.1,17.3,113.1,47.6,29.100000000000005,23.3,12.6,52.1,35.3,2.26,85
Mike Tauchman,CHW,82,342,299,81,8,38,37,0,0.271,0.36,0.408,0.768,0.137,0.343,0.34,117,11.7,23.1,0.253,0.394,0.327,40.3,7.200000000000001,89.3,16.0,111.1,40.7,36.7,22.6,13.600000000000001,57.49999999999999,28.999999999999996,1.97,86
Mike Trout,LAA,108,466,381,88,20,58,54,2,0.231,0.361,0.425,0.786,0.194,0.308,0.339,116,16.1,31.1,0.244,0.472,0.362,46.9,14.499999999999998,90.2,16.3,115.4,39.0,31.5,29.5,17.4,45.6,36.9,1.93,87
Josh Naylor,- - -,127,528,474,133,16,65,73,23,0.281,0.343,0.437,0.78,0.156,0.302,0.337,116,8.3,14.000000000000002,0.277,0.434,0.337,41.0,6.6000000000000005,89.1,11.5,117.9,45.3,37.6,17.1,15.299999999999999,50.5,34.2,1.69,88
Matt Wallner,MIN,91,342,295,61,20,40,35,3,0.207,0.31,0.478,0.788,0.271,0.233,0.338,116,11.1,29.5,0.22,0.463,0.339,46.9,14.3,91.5,20.4,113.3,53.6,27.0,19.4,20.4,40.3,39.3,2.66,89
Taylor Ward,LAA,134,575,500,114,30,75,94,3,0.228,0.318,0.476,0.794,0.248,0.258,0.339,116,11.7,26.1,0.245,0.471,0.346,42.7,13.8,90.4,18.6,111.0,38.2,34.3,27.500000000000004,12.9,50.8,36.2,2.23,90
Kerry Carpenter,DET,110,399,372,95,22,58,52,1,0.255,0.295,0.5,0.795,0.245,0.275,0.338,116,3.8,21.8,0.26,0.51,0.346,45.9,12.4,91.3,21.0,109.5,47.0,35.2,17.8,13.200000000000001,52.6,34.1,5.74,91
William Contreras,MIL,133,588,507,132,17,80,69,6,0.26,0.355,0.412,0.768,0.152,0.296,0.336,116,12.8,18.0,0.262,0.41,0.339,46.9,6.2,91.1,6.9,114.1,39.5,35.1,25.4,15.299999999999999,49.1,35.6,1.41,92
Andy Pages,LAD,134,539,499,137,24,62,78,13,0.275,0.317,0.467,0.784,0.192,0.308,0.336,116,5.0,21.2,0.267,0.447,0.329,36.8,8.4,88.4,17.0,110.6,40.9,33.5,25.6,13.8,54.7,31.5,4.24,93
Gleyber Torres,DET,124,535,453,119,14,70,63,4,0.263,0.364,0.397,0.762,0.135,0.288,0.338,116,13.5,15.1,0.289,0.499,0.384,39.9,9.0,90.3,14.5,110.4,31.2,40.2,28.6,12.2,55.8,32.0,1.12,94
Marcell Ozuna,ATL,126,520,423,97,20,55,62,0,0.229,0.358,0.404,0.763,0.175,0.266,0.337,115,16.5,23.3,0.256,0.482,0.374,45.2,11.9,90.1,13.8,112.1,42.5,34.1,23.4,15.9,49.7,34.4,1.41,95
Wilyer Abreu,BOS,108,395,352,89,22,52,69,6,0.253,0.325,0.486,0.811,0.233,0.279,0.343,115,9.9,23.5,0.258,0.513,0.356,45.6,12.9,91.1,23.6,111.7,44.9,30.4,24.7,15.2,47.1,37.6,2.37,96
CJ Abrams,WSN,123,544,494,131,17,80,53,28,0.265,0.328,0.447,0.775,0.182,0.298,0.335,115,6.3,17.8,0.265,0.433,0.331,39.5,8.0,88.9,12.9,112.7,43.0,36.8,20.3,19.3,51.300000000000004,29.5,2.83,97
Pete Crow-Armstrong,CHC,136,563,519,130,28,82,83,31,0.25,0.29,0.493,0.784,0.243,0.279,0.33,114,4.4,23.6,0.251,0.487,0.33,40.2,12.3,89.6,20.0,111.8,51.800000000000004,28.9,19.3,15.299999999999999,53.5,31.2,5.36,98
Kyle Manzardo,CLE,119,442,390,91,24,41,61,1,0.233,0.312,0.464,0.776,0.231,0.263,0.332,114,9.3,26.200000000000003,0.233,0.473,0.337,44.1,12.5,90.6,22.8,109.7,38.4,37.6,24.0,17.2,49.1,33.7,2.82,99
Rhys Hoskins,MIL,82,318,269,65,12,30,42,2,0.242,0.34,0.428,0.767,0.186,0.298,0.332,113,11.9,26.700000000000003,0.234,0.409,0.328,45.8,10.5,90.5,22.0,111.1,53.7,32.1,14.2,14.2,49.5,36.3,2.24,100
Elly De La Cruz,CIN,139,604,545,148,19,95,78,32,0.272,0.341,0.453,0.794,0.182,0.347,0.339,112,9.3,25.7,0.264,0.447,0.334,43.2,10.7,90.9,7.7,117.4,40.7,33.5,25.8,13.8,52.2,34.0,2.76,101
Dillon Dingler,DET,108,398,369,104,12,45,52,0,0.282,0.33,0.436,0.766,0.154,0.343,0.331,112,4.8,22.6,0.298,0.486,0.358,44.8,9.3,89.8,16.7,110.7,39.3,34.3,26.400000000000002,16.4,48.9,34.6,4.71,102
Jarren Duran,BOS,136,603,536,139,14,76,77,22,0.259,0.336,0.45,0.785,0.19,0.33,0.339,112,8.8,24.2,0.258,0.422,0.335,47.2,9.9,92.0,11.8,117.7,37.6,35.8,26.6,14.2,51.5,34.3,2.75,103
Heliot Ramos,SFG,135,596,528,141,16,71,58,6,0.267,0.341,0.405,0.746,0.138,0.327,0.327,112,7.6,22.8,0.25,0.414,0.325,46.5,8.3,91.6,12.1,116.0,33.2,40.7,26.1,13.3,55.00000000000001,31.7,3.0,104
Brendan Donovan,STL,110,476,423,118,9,57,45,3,0.279,0.348,0.402,0.75,0.123,0.307,0.328,112,8.4,13.200000000000001,0.291,0.457,0.355,40.7,8.2,89.8,12.0,109.6,36.1,37.4,26.5,13.4,55.7,30.9,1.57,105
Ian Happ,CHC,127,562,484,115,19,74,65,6,0.238,0.336,0.409,0.745,0.171,0.278,0.327,111,13.0,22.1,0.267,0.463,0.36,42.0,10.2,89.7,15.8,112.0,43.7,31.3,25.0,15.7,47.8,36.5,1.7,106
Vinnie Pasquantino,KCR,136,577,523,135,28,57,95,1,0.258,0.321,0.465,0.785,0.207,0.262,0.335,111,7.5,15.8,0.269,0.472,0.343,43.1,10.1,90.6,16.5,114.4,44.5,33.7,21.8,15.1,51.4,33.5,2.11,107
Brett Baty,NYM,112,378,342,87,15,48,43,8,0.254,0.316,0.43,0.745,0.175,0.299,0.323,110,8.2,23.5,0.258,0.454,0.337,46.7,12.1,90.5,5.3,115.6,37.9,41.0,21.1,18.8,44.5,36.7,2.87,108
TJ Friedl,CIN,130,585,495,133,11,73,45,11,0.269,0.368,0.382,0.75,0.113,0.311,0.336,110,11.5,16.6,0.242,0.333,0.31,31.0,2.7,86.8,13.4,107.4,47.9,32.7,19.4,17.7,55.50000000000001,26.8,1.44,109
Ryan Jeffers,MIN,112,435,380,98,9,46,44,0,0.258,0.349,0.392,0.742,0.134,0.31,0.329,110,10.8,19.5,0.252,0.416,0.334,42.2,6.800000000000001,89.2,15.9,111.0,38.2,36.1,25.7,16.9,50.3,32.8,1.81,110
Willy Adames,SFG,137,586,508,117,26,85,75,8,0.23,0.318,0.427,0.745,0.197,0.269,0.323,109,11.3,25.900000000000002,0.238,0.458,0.339,43.3,12.9,89.2,21.3,109.9,44.8,31.900000000000002,23.4,18.1,48.4,33.5,2.29,111
J.P. Crawford,SEA,135,576,499,131,9,59,46,7,0.263,0.353,0.357,0.709,0.094,0.318,0.319,109,11.6,18.6,0.273,0.398,0.337,33.8,5.0,86.8,12.0,110.1,33.8,31.8,34.3,18.5,56.10000000000001,25.3,1.6,112
Austin Hays,CIN,87,356,323,85,13,53,60,6,0.263,0.317,0.461,0.779,0.198,0.324,0.332,107,7.6,26.1,0.243,0.431,0.318,38.7,11.1,89.4,14.5,109.2,51.5,31.900000000000002,16.6,12.8,54.0,33.2,3.43,113
Brandon Marsh,PHI,114,355,316,87,8,46,31,5,0.275,0.336,0.415,0.751,0.139,0.356,0.327,107,8.7,25.4,0.273,0.443,0.337,46.2,7.7,91.1,12.3,111.1,35.6,36.5,27.9,8.6,54.50000000000001,36.9,2.92,114
Nolan Schanuel,LAA,125,535,462,123,10,61,49,5,0.266,0.355,0.383,0.738,0.117,0.29,0.326,107,10.5,12.3,0.27,0.392,0.332,28.300000000000004,4.0,87.4,13.2,109.8,40.7,35.0,24.3,14.099999999999998,60.5,25.3,1.17,115
Colt Keith,DET,124,428,379,96,12,60,41,1,0.253,0.329,0.414,0.744,0.161,0.303,0.325,107,10.3,22.0,0.265,0.459,0.351,44.6,9.7,90.3,13.6,110.0,35.6,39.1,25.3,12.8,50.9,36.3,2.14,116
Trevor Larnach,MIN,123,491,437,111,16,54,55,2,0.254,0.327,0.414,0.741,0.16,0.295,0.323,106,9.2,21.0,0.257,0.417,0.325,44.8,8.0,90.9,11.0,111.8,40.8,35.5,23.7,10.7,59.5,29.9,2.28,117
Mike Yastrzemski,- - -,125,472,407,96,15,57,41,6,0.236,0.332,0.405,0.737,0.17,0.273,0.321,106,12.5,20.8,0.24,0.406,0.324,41.7,8.3,90.6,19.8,109.3,44.9,29.9,25.2,15.299999999999999,53.2,31.5,1.66,118
Paul Goldschmidt,NYY,126,480,440,122,10,71,43,5,0.277,0.329,0.418,0.747,0.141,0.327,0.322,106,6.9,18.8,0.275,0.468,0.339,42.0,8.5,90.3,16.0,111.2,38.4,34.1,27.6,12.5,56.8,30.7,2.72,119
Addison Barger,TOR,113,425,394,98,18,55,61,3,0.249,0.3,0.459,0.759,0.211,0.295,0.322,106,6.4,24.9,0.273,0.488,0.344,51.4,12.1,92.1,11.6,116.5,45.3,32.5,22.1,16.3,43.3,40.5,3.89,120
Jung Hoo Lee,SFG,131,546,493,129,7,64,48,10,0.262,0.326,0.406,0.732,0.144,0.285,0.319,106,8.1,11.4,0.284,0.397,0.329,32.2,3.9,87.1,10.4,106.3,42.8,31.5,25.7,14.499999999999998,59.5,26.0,1.41,121
Caleb Durbin,MIL,114,419,370,95,10,52,47,12,0.257,0.329,0.397,0.727,0.141,0.263,0.32,105,5.7,9.8,0.252,0.36,0.306,26.8,3.6000000000000005,84.9,14.2,108.9,44.3,36.3,19.3,19.6,55.1,25.3,1.72,122
Lars Nootbaar,STL,114,496,434,106,13,63,44,4,0.244,0.333,0.389,0.722,0.145,0.289,0.318,105,10.9,20.6,0.25,0.42,0.332,51.300000000000004,9.9,91.6,17.2,113.0,35.5,39.7,24.8,17.3,46.6,36.1,1.89,123
Mark Vientos,NYM,99,388,355,86,15,39,53,0,0.242,0.296,0.434,0.73,0.192,0.281,0.314,104,6.2,23.5,0.256,0.446,0.33,51.1,11.6,91.6,12.6,110.4,36.6,40.7,22.8,13.100000000000001,51.9,35.1,3.79,124
Edgar Quero,CHW,91,324,292,82,4,25,35,0,0.281,0.346,0.377,0.722,0.096,0.333,0.32,104,8.3,17.3,0.247,0.362,0.301,47.9,4.2,90.7,6.1,109.8,26.5,41.6,31.900000000000002,10.5,59.20000000000001,30.3,2.08,125
Gavin Lux,CIN,120,431,383,105,5,41,50,1,0.274,0.355,0.381,0.736,0.107,0.36,0.328,104,11.1,23.2,0.251,0.347,0.306,37.5,3.9,88.6,9.3,106.4,39.2,43.1,17.7,13.4,54.79999999999999,31.8,2.09,126
Nico Hoerner,CHC,133,546,503,146,5,68,54,23,0.29,0.339,0.38,0.719,0.089,0.305,0.316,104,5.9,7.1,0.293,0.39,0.322,29.5,2.4,86.4,12.9,104.7,37.0,35.7,27.399999999999995,17.9,57.49999999999999,24.6,1.2,127
Austin Riley,ATL,102,447,416,108,16,54,54,2,0.26,0.309,0.428,0.737,0.168,0.337,0.319,103,6.0,28.6,0.254,0.478,0.338,49.8,15.2,92.3,16.8,113.9,42.9,36.7,20.4,14.899999999999999,48.1,37.0,4.77,128
Tommy Pham,PIT,102,379,333,89,8,40,47,5,0.267,0.343,0.393,0.736,0.126,0.327,0.321,103,10.3,21.6,0.268,0.423,0.334,47.7,7.000000000000001,92.0,7.1,112.3,39.8,35.2,25.0,11.7,52.300000000000004,35.9,2.1,129
Victor Caratini,HOU,95,331,298,78,11,31,43,1,0.262,0.317,0.416,0.733,0.154,0.283,0.318,103,5.4,16.9,0.258,0.42,0.325,39.9,7.7,88.4,13.4,110.1,40.3,35.9,23.8,19.8,43.1,37.1,3.13,130
Andrew McCutchen,PIT,118,480,413,102,12,44,51,1,0.247,0.343,0.385,0.728,0.138,0.3,0.32,103,12.5,21.7,0.274,0.443,0.352,43.6,9.2,89.6,14.3,110.2,46.5,34.6,18.9,16.3,47.8,35.9,1.74,131
Xander Bogaerts,SDP,131,534,473,124,10,60,49,20,0.262,0.33,0.387,0.717,0.125,0.299,0.313,103,9.0,16.9,0.275,0.416,0.332,38.5,6.6000000000000005,89.0,11.0,112.2,44.9,35.2,19.9,15.1,54.79999999999999,30.099999999999998,1.88,132
Liam Hicks,MIA,102,335,287,74,5,34,39,0,0.258,0.349,0.362,0.712,0.105,0.296,0.319,102,10.7,15.5,0.251,0.355,0.317,26.6,3.3000000000000003,84.7,10.1,108.5,37.3,37.3,25.3,18.7,55.2,26.1,1.45,133
Nathan Lukes,TOR,113,368,324,82,10,48,55,2,0.253,0.326,0.401,0.727,0.148,0.27,0.317,102,9.2,13.3,0.256,0.381,0.312,33.9,4.6,87.1,10.5,105.7,33.9,36.4,29.7,16.6,54.1,29.299999999999997,1.45,134
Mickey Moniak,COL,115,389,366,96,18,49,55,6,0.262,0.298,0.5,0.798,0.238,0.302,0.337,102,4.6,23.9,0.274,0.5,0.343,46.0,12.7,89.8,16.3,111.8,46.4,31.2,22.5,13.8,45.3,40.9,5.2,135
Jesus Sanchez,- - -,112,430,391,99,12,51,42,9,0.253,0.316,0.417,0.733,0.164,0.299,0.318,102,8.1,20.9,0.261,0.473,0.341,44.6,11.2,91.5,8.4,114.8,42.9,34.0,23.1,15.8,48.8,35.3,2.58,136
Jackson Merrill,SDP,93,390,353,91,9,42,51,1,0.258,0.314,0.408,0.722,0.15,0.308,0.312,102,7.200000000000001,21.3,0.277,0.486,0.354,39.9,11.2,89.0,14.1,110.9,37.0,35.9,27.200000000000003,13.4,57.2,29.299999999999997,2.96,137
Carlos Narvaez,BOS,100,384,345,86,12,47,42,1,0.249,0.319,0.42,0.739,0.171,0.307,0.322,101,9.1,24.5,0.226,0.385,0.3,43.7,9.1,91.0,12.8,111.2,39.8,32.3,28.000000000000004,12.6,52.0,35.4,2.69,138
Jasson Dominguez,NYY,111,410,365,93,10,53,45,21,0.255,0.327,0.389,0.716,0.134,0.337,0.314,101,9.5,27.6,0.238,0.367,0.305,50.0,6.6000000000000005,90.7,13.1,112.1,39.8,34.8,25.4,15.6,44.1,40.2,2.91,139
Trevor Story,BOS,136,563,525,137,23,78,88,25,0.261,0.308,0.438,0.746,0.177,0.329,0.322,101,5.3,27.699999999999996,0.25,0.416,0.311,46.6,9.4,91.2,14.5,111.7,40.2,32.9,27.0,14.800000000000002,49.3,35.8,5.23,140
Josh Smith,TEX,126,500,443,113,9,63,33,10,0.255,0.334,0.375,0.709,0.12,0.296,0.314,101,9.2,16.8,0.261,0.387,0.321,32.0,5.0,87.5,12.1,108.2,36.7,36.5,26.8,17.1,53.29999999999999,29.600000000000005,1.83,141
J.T. Realmuto,PHI,114,470,432,114,11,49,47,7,0.264,0.322,0.4,0.722,0.137,0.332,0.316,100,6.4,23.6,0.269,0.436,0.33,46.6,9.0,90.4,11.0,110.4,39.9,36.8,23.4,12.5,55.1,32.4,3.69,142
Miguel Vargas,CHW,121,502,445,104,14,69,52,4,0.234,0.315,0.404,0.719,0.171,0.258,0.315,100,9.8,16.9,0.244,0.407,0.321,40.5,8.0,89.7,23.4,110.8,43.3,33.9,22.9,15.4,53.7,30.9,1.72,143
Lenyn Sosa,CHW,121,468,445,118,19,46,62,2,0.265,0.296,0.436,0.731,0.171,0.305,0.315,100,3.6000000000000005,22.0,0.282,0.49,0.345,43.8,9.9,90.7,19.4,111.5,38.6,35.1,26.400000000000002,15.1,54.2,30.7,6.11,144
Carlos Correa,- - -,122,489,451,123,10,53,45,0,0.273,0.327,0.388,0.715,0.115,0.323,0.315,100,7.6,18.8,0.287,0.449,0.344,47.2,6.9,90.9,7.8,112.7,40.3,33.3,26.400000000000002,16.1,48.9,35.0,2.47,145
Dansby Swanson,CHC,136,556,511,127,21,76,67,11,0.249,0.299,0.423,0.722,0.174,0.304,0.311,100,6.800000000000001,26.3,0.282,0.508,0.36,46.9,11.9,90.4,12.7,109.3,46.1,35.3,18.6,13.699999999999998,49.9,36.4,3.87,146
Tyler Freeman,COL,94,356,311,91,2,41,27,17,0.293,0.369,0.379,0.748,0.087,0.324,0.333,100,9.0,10.7,0.28,0.375,0.331,41.7,2.5,90.4,8.3,109.2,34.5,35.6,29.9,10.4,54.0,35.6,1.19,147
Luis Arraez,SDP,133,587,540,154,7,56,52,9,0.285,0.318,0.393,0.711,0.107,0.282,0.309,100,4.6,2.9,0.279,0.353,0.292,16.5,1.1,85.9,12.5,107.8,29.4,32.5,38.1,12.9,70.6,16.5,0.63,148
Andrew Benintendi,CHW,104,425,383,94,17,53,54,1,0.245,0.307,0.428,0.735,0.183,0.257,0.315,100,8.0,16.7,0.247,0.449,0.33,36.5,10.7,88.1,19.6,108.5,49.2,28.4,22.4,16.4,53.6,30.0,2.09,149
Teoscar Hernandez,LAD,113,458,429,106,21,53,78,5,0.247,0.282,0.452,0.734,0.205,0.288,0.313,100,4.6,25.8,0.26,0.461,0.331,45.4,12.3,89.8,8.8,112.5,38.9,36.1,25.0,14.2,50.0,35.8,5.61,150
Sean Murphy,ATL,93,333,287,58,16,34,45,0,0.202,0.303,0.415,0.718,0.213,0.246,0.313,99,10.5,30.9,0.208,0.423,0.323,42.2,13.4,89.0,10.7,114.4,49.7,30.5,19.8,15.5,47.6,36.9,2.94,151
Jordan Beck,COL,125,500,455,122,14,55,44,14,0.268,0.331,0.435,0.766,0.167,0.362,0.333,99,7.8,28.800000000000004,0.244,0.412,0.316,39.0,9.6,87.7,13.6,113.8,43.9,32.1,24.0,16.7,47.4,35.9,3.69,152
Spencer Horwitz,PIT,86,336,303,78,7,43,39,0,0.257,0.327,0.389,0.717,0.132,0.303,0.315,99,9.2,18.8,0.26,0.405,0.322,36.9,7.5,87.3,14.6,107.3,37.8,36.9,25.3,17.4,53.1,29.5,2.04,153
Steven Kwan,CLE,131,580,524,142,10,66,43,14,0.271,0.328,0.378,0.706,0.107,0.28,0.309,98,7.8,8.6,0.271,0.366,0.307,20.3,1.9,85.9,15.1,104.1,32.2,37.6,30.3,12.4,68.5,19.1,1.1,154
Ty France,- - -,126,462,417,109,7,49,50,1,0.261,0.329,0.372,0.701,0.11,0.304,0.311,98,4.8,16.7,0.268,0.443,0.34,43.6,8.2,89.5,10.7,110.5,33.3,37.7,28.9,13.5,55.00000000000001,31.6,3.48,155
Alec Bohm,PHI,106,442,406,113,9,46,51,2,0.278,0.326,0.392,0.717,0.113,0.316,0.314,98,5.9,16.5,0.273,0.415,0.325,45.6,6.5,90.5,6.8,109.3,31.7,41.7,26.6,12.7,52.400000000000006,34.9,2.8,156
Wilmer Flores,SFG,112,426,384,93,15,41,66,1,0.242,0.31,0.383,0.693,0.141,0.266,0.305,97,7.5,18.5,0.225,0.331,0.282,24.4,4.5,85.4,18.4,108.6,40.3,33.8,26.0,20.1,56.49999999999999,23.4,2.47,157
Cedric Mullins,- - -,117,457,399,88,16,54,57,20,0.221,0.303,0.404,0.707,0.183,0.256,0.308,97,10.1,23.6,0.219,0.358,0.296,35.8,6.4,88.8,22.9,108.4,47.8,29.100000000000005,23.1,17.7,53.79999999999999,28.4,2.34,158
Josh Bell,WSN,119,462,403,91,16,42,45,0,0.226,0.32,0.38,0.7,0.154,0.24,0.31,97,11.3,16.7,0.263,0.462,0.358,45.4,10.7,89.5,9.4,113.3,41.8,32.3,25.900000000000002,17.7,49.1,33.2,1.48,159
Nolan Gorman,STL,94,335,288,61,13,42,43,1,0.212,0.31,0.392,0.703,0.181,0.276,0.306,97,12.8,31.3,0.212,0.431,0.323,40.6,10.2,89.1,22.2,111.6,40.6,31.0,28.300000000000004,15.5,51.9,32.6,2.45,160
Bryan Reynolds,PIT,132,563,509,124,14,55,68,3,0.244,0.311,0.405,0.716,0.161,0.318,0.311,97,8.3,27.0,0.272,0.474,0.35,46.1,10.3,90.9,7.6,112.3,42.2,35.0,22.8,10.3,53.29999999999999,36.4,3.25,161
Christian Walker,HOU,132,554,502,118,21,59,74,2,0.235,0.3,0.406,0.706,0.171,0.289,0.307,96,6.9,26.899999999999995,0.24,0.435,0.32,44.8,12.3,90.7,17.2,113.2,42.3,35.6,22.1,16.2,47.1,36.7,3.9,162
Nick Gonzales,PIT,74,317,293,82,5,32,23,0,0.28,0.325,0.386,0.711,0.106,0.329,0.311,96,6.3,18.0,0.272,0.39,0.31,40.6,4.6,88.5,7.7,109.9,36.8,35.1,28.000000000000004,16.7,52.7,30.5,2.86,163
Mookie Betts,LAD,127,560,497,125,14,82,60,8,0.252,0.323,0.376,0.699,0.125,0.256,0.307,96,9.5,10.0,0.271,0.411,0.328,33.7,4.5,88.6,17.4,107.2,44.9,34.4,20.8,11.4,58.5,30.099999999999998,1.05,164
Jackson Holliday,BAL,130,566,515,127,15,62,51,14,0.247,0.313,0.384,0.697,0.138,0.296,0.307,96,7.8,21.7,0.256,0.428,0.326,41.2,8.7,89.1,8.6,109.6,35.4,39.4,25.2,14.000000000000002,56.00000000000001,30.0,2.78,165
Matt Shaw,CHC,105,361,326,75,11,47,36,16,0.23,0.296,0.402,0.698,0.172,0.26,0.303,95,8.3,19.9,0.247,0.39,0.31,30.4,7.000000000000001,84.7,12.2,109.2,40.1,33.5,26.5,23.7,48.6,27.6,2.4,166
Josh Jung,TEX,109,423,398,102,13,43,53,4,0.256,0.3,0.399,0.7,0.143,0.322,0.305,95,5.4,25.8,0.25,0.423,0.31,44.6,8.3,89.0,13.3,111.2,38.4,37.4,24.2,14.499999999999998,50.2,35.3,4.78,167
Lourdes Gurriel Jr.,ARI,129,546,500,124,19,52,80,10,0.248,0.295,0.418,0.713,0.17,0.254,0.307,94,5.7,13.900000000000002,0.264,0.426,0.321,37.9,7.200000000000001,87.8,16.3,109.1,41.6,36.3,22.2,18.0,51.5,30.5,2.44,168
Ramon Urias,- - -,99,358,322,82,10,32,40,2,0.255,0.304,0.401,0.705,0.146,0.299,0.304,94,7.000000000000001,22.3,0.24,0.393,0.301,41.0,8.4,89.2,12.8,109.4,48.2,33.5,18.3,16.7,51.0,32.3,3.19,169
Xavier Edwards,MIA,122,549,500,141,2,68,34,24,0.282,0.339,0.354,0.693,0.072,0.329,0.307,94,7.7,14.2,0.262,0.331,0.291,29.5,0.7,86.7,8.9,109.0,32.6,35.1,32.3,16.9,59.0,24.1,1.84,170
Lawrence Butler,ATH,133,554,499,115,18,74,54,17,0.23,0.304,0.405,0.709,0.174,0.299,0.31,94,9.6,28.300000000000004,0.242,0.411,0.317,44.5,9.6,90.6,8.9,113.6,34.6,36.3,29.100000000000005,15.4,51.5,33.1,2.95,171
Willi Castro,- - -,106,405,362,83,11,53,30,9,0.229,0.309,0.378,0.688,0.149,0.286,0.304,93,7.9,24.4,0.243,0.383,0.311,39.4,7.200000000000001,87.3,12.2,111.9,37.9,39.0,23.1,18.9,51.5,29.5,3.09,172
Ceddanne Rafaela,BOS,134,506,471,118,16,75,60,19,0.251,0.294,0.427,0.721,0.176,0.283,0.311,93,4.3,19.2,0.255,0.443,0.32,40.9,10.0,88.8,11.9,112.1,38.8,40.4,20.8,17.4,50.1,32.5,4.47,173
Agustin Ramirez,MIA,113,490,449,103,19,60,60,11,0.229,0.288,0.423,0.711,0.194,0.249,0.305,93,6.1,19.4,0.275,0.484,0.35,47.1,11.5,91.1,8.8,117.0,42.3,33.3,24.4,21.8,42.3,35.9,3.18,174
Ernie Clement,TOR,135,506,469,128,9,67,41,4,0.273,0.308,0.392,0.7,0.119,0.29,0.304,93,4.3,10.9,0.265,0.363,0.292,26.1,2.4,87.0,16.7,108.9,42.6,34.4,23.1,14.099999999999998,61.9,24.0,2.53,175
Adley Rutschman,BAL,85,348,308,70,9,37,29,0,0.227,0.31,0.373,0.684,0.146,0.248,0.302,93,10.6,15.8,0.255,0.43,0.338,39.2,7.8,89.8,14.1,111.0,42.5,33.9,23.6,10.6,53.1,36.2,1.49,176
Luis Garcia Jr.,WSN,120,456,423,110,11,57,55,11,0.26,0.296,0.404,0.7,0.144,0.284,0.302,92,5.0,15.6,0.293,0.469,0.346,44.2,8.3,89.9,9.1,111.7,38.6,41.4,20.0,17.2,50.3,32.5,3.12,177
Jake Burger,TEX,85,311,295,72,12,37,42,1,0.244,0.277,0.424,0.7,0.18,0.284,0.301,92,3.2,23.8,0.263,0.483,0.333,48.4,13.0,90.7,15.5,114.7,35.9,38.1,26.0,19.3,44.4,36.3,7.44,178
Bryson Stott,PHI,125,475,423,105,9,57,55,23,0.248,0.321,0.369,0.69,0.121,0.284,0.305,92,9.7,16.6,0.244,0.381,0.308,28.7,4.3,87.4,15.7,110.7,33.2,38.1,28.7,15.8,57.9,26.400000000000002,1.71,179
Masyn Winn,STL,124,519,476,121,9,69,51,9,0.254,0.309,0.368,0.677,0.113,0.302,0.299,92,6.2,18.9,0.245,0.354,0.29,34.8,5.0,88.3,15.8,110.0,40.8,33.8,25.4,17.3,56.8,25.900000000000002,3.05,180
Salvador Perez,KCR,131,543,507,121,23,46,77,0,0.239,0.283,0.438,0.721,0.199,0.259,0.307,92,4.2,19.5,0.283,0.55,0.369,46.4,15.1,90.0,18.0,114.8,47.3,32.8,19.9,16.7,46.3,37.1,4.64,181
Oneil Cruz,PIT,115,480,412,84,19,60,54,36,0.204,0.306,0.393,0.699,0.189,0.264,0.304,91,12.3,31.7,0.236,0.458,0.346,56.99999999999999,19.6,96.2,8.2,122.9,41.9,39.2,18.9,12.8,45.3,41.9,2.58,182
Nathaniel Lowe,- - -,131,531,476,107,18,58,76,1,0.225,0.299,0.389,0.688,0.164,0.275,0.301,91,9.6,25.8,0.241,0.395,0.314,40.9,7.3,89.1,10.3,111.7,33.9,34.8,31.3,17.3,51.2,31.6,2.69,183
Ezequiel Tovar,COL,72,300,280,75,8,37,23,4,0.268,0.307,0.436,0.743,0.168,0.333,0.321,91,5.0,23.7,0.279,0.477,0.341,40.8,9.9,89.7,15.9,112.5,39.9,31.0,29.100000000000005,12.7,51.2,36.2,4.74,184
Cam Smith,HOU,118,457,412,100,8,50,49,8,0.243,0.315,0.359,0.674,0.117,0.33,0.3,91,8.5,27.6,0.249,0.387,0.313,41.5,6.6000000000000005,87.8,8.2,113.9,36.9,34.8,28.199999999999996,16.0,55.7,28.199999999999996,3.25,185
Jose Caballero,- - -,109,321,272,63,4,45,32,42,0.232,0.334,0.335,0.669,0.103,0.322,0.303,91,12.5,27.1,0.222,0.325,0.298,30.9,5.2,86.2,18.9,114.4,39.3,39.3,21.5,19.4,51.800000000000004,28.800000000000004,2.17,186
Spencer Steer,CIN,128,504,455,107,17,56,63,6,0.235,0.304,0.398,0.702,0.163,0.275,0.307,90,8.3,22.4,0.222,0.363,0.292,31.6,7.200000000000001,87.1,19.3,108.3,48.1,32.2,19.7,17.7,55.39999999999999,27.0,2.7,187
Daniel Schneemann,CLE,110,361,321,70,11,41,34,9,0.218,0.3,0.377,0.677,0.159,0.273,0.298,90,9.7,26.3,0.236,0.431,0.324,41.7,11.8,88.9,10.4,111.2,42.5,36.4,21.1,15.8,50.0,34.2,2.71,188
Nick Castellanos,PHI,130,532,495,124,16,66,61,4,0.251,0.295,0.402,0.697,0.152,0.293,0.302,90,5.5,21.6,0.253,0.43,0.315,33.9,8.3,87.6,15.4,110.2,41.9,33.9,24.2,11.7,57.8,30.5,3.93,189
JJ Bleday,ATH,83,306,270,57,12,45,32,1,0.211,0.301,0.4,0.701,0.189,0.249,0.304,90,11.4,25.5,0.208,0.357,0.29,38.9,7.3,88.4,21.7,109.9,46.6,36.3,17.1,19.7,45.6,34.7,2.24,190
Jake Mangum,TBR,95,348,330,95,2,34,34,21,0.288,0.323,0.361,0.683,0.073,0.336,0.302,90,4.3,14.7,0.257,0.345,0.282,33.9,2.5,87.0,-1.0,108.3,25.4,37.5,37.1,20.0,54.29999999999999,25.7,3.42,191
Yainer Diaz,HOU,121,487,463,117,18,47,56,1,0.253,0.283,0.413,0.696,0.16,0.271,0.298,90,3.9,17.0,0.273,0.472,0.332,41.5,8.6,90.2,10.9,111.6,38.9,37.9,23.2,14.099999999999998,53.29999999999999,32.6,4.36,192
Javier Baez,DET,112,393,376,98,11,52,51,5,0.261,0.288,0.404,0.692,0.144,0.325,0.299,89,2.5,25.2,0.238,0.368,0.278,39.8,5.4,88.3,10.8,110.0,45.2,30.5,24.4,15.4,59.9,24.7,10.08,193
Kody Clemens,- - -,99,308,276,57,14,38,40,2,0.207,0.278,0.417,0.694,0.21,0.223,0.299,89,7.5,23.1,0.253,0.479,0.341,50.2,11.0,92.1,15.3,109.8,46.9,37.8,15.299999999999999,12.9,49.8,37.3,3.08,194
Otto Lopez,MIA,121,502,453,111,12,57,66,12,0.245,0.315,0.364,0.679,0.119,0.267,0.3,89,8.8,14.3,0.282,0.447,0.346,39.2,7.000000000000001,88.8,8.1,111.2,36.6,37.3,26.1,15.7,54.29999999999999,30.0,1.62,195
Josh Lowe,TBR,88,358,325,77,9,50,34,17,0.237,0.3,0.391,0.69,0.154,0.289,0.3,89,7.8,23.2,0.257,0.397,0.316,41.2,6.1,89.5,8.3,109.2,38.8,32.2,28.999999999999996,12.2,55.1,32.7,2.97,196
Adam Frazier,- - -,114,388,352,95,5,36,36,8,0.27,0.323,0.364,0.687,0.094,0.315,0.301,89,5.7,17.0,0.254,0.338,0.285,21.2,1.4,85.4,14.4,104.5,38.4,33.9,27.699999999999996,11.3,69.5,19.2,2.98,197
Marcus Semien,TEX,127,534,470,108,15,62,62,11,0.23,0.305,0.364,0.669,0.134,0.251,0.295,88,9.4,17.4,0.252,0.409,0.325,34.5,6.7,88.3,19.4,110.0,46.4,35.5,18.1,16.6,51.0,32.4,1.85,198
Austin Wells,NYY,107,387,347,73,19,44,61,5,0.21,0.267,0.429,0.696,0.219,0.226,0.296,88,6.5,25.3,0.215,0.408,0.294,44.4,10.0,90.3,21.2,111.9,39.1,31.8,29.100000000000005,16.7,52.300000000000004,31.0,3.89,199
Jorge Soler,LAA,82,315,279,60,12,31,34,0,0.215,0.293,0.387,0.68,0.172,0.273,0.298,88,8.9,29.799999999999997,0.213,0.401,0.304,41.3,12.7,89.7,13.8,112.7,49.5,34.0,16.5,16.0,51.1,33.0,3.35,200
Chase Meidroth,CHW,99,409,363,92,4,44,21,13,0.253,0.332,0.325,0.657,0.072,0.289,0.297,88,9.3,13.699999999999998,0.256,0.338,0.304,37.4,1.6,88.2,7.7,107.1,35.8,35.2,28.999999999999996,17.4,54.79999999999999,27.699999999999996,1.47,201
Adolis Garcia,TEX,125,513,476,112,18,56,73,13,0.235,0.277,0.408,0.684,0.172,0.278,0.294,87,5.1,24.8,0.247,0.449,0.319,47.5,11.8,92.3,17.0,113.6,39.9,33.4,26.700000000000003,12.1,53.1,34.8,4.86,202
Andrew Vaughn,- - -,94,381,350,82,14,31,59,0,0.234,0.284,0.394,0.678,0.16,0.252,0.294,87,6.3,18.4,0.275,0.486,0.352,47.7,13.0,91.6,13.3,111.2,36.8,41.1,22.1,10.5,55.39999999999999,34.0,2.92,203
Jonathan India,KCR,124,532,465,108,8,57,41,0,0.232,0.324,0.342,0.666,0.11,0.274,0.3,87,9.8,17.7,0.253,0.395,0.328,36.4,5.6,88.2,17.0,110.8,48.9,27.500000000000004,23.5,17.4,51.300000000000004,31.3,1.81,204
Ryan McMahon,- - -,133,519,450,97,18,54,46,2,0.216,0.316,0.387,0.703,0.171,0.294,0.31,87,12.3,31.8,0.229,0.447,0.337,50.5,12.2,93.4,14.7,113.6,40.8,40.1,19.2,7.3,52.300000000000004,40.4,2.59,205
Mauricio Dubon,HOU,113,354,327,82,7,38,28,3,0.251,0.299,0.373,0.672,0.122,0.264,0.295,87,6.2,10.5,0.253,0.337,0.283,25.2,1.4,84.3,13.3,110.8,36.4,33.7,29.9,23.8,54.79999999999999,21.4,1.69,206
Royce Lewis,MIN,82,309,283,65,10,31,39,3,0.23,0.288,0.389,0.677,0.159,0.25,0.295,86,7.8,17.8,0.253,0.424,0.318,40.9,9.6,90.1,17.5,113.7,49.6,32.6,17.8,18.7,47.4,33.9,2.28,207
Tommy Edman,LAD,86,332,303,69,12,43,44,3,0.228,0.281,0.396,0.677,0.168,0.239,0.293,86,5.4,17.2,0.272,0.418,0.326,37.5,4.4,87.7,11.6,108.6,40.2,37.8,21.9,18.7,52.6,28.7,3.19,208
Ozzie Albies,ATL,139,590,533,127,14,63,62,12,0.238,0.307,0.36,0.667,0.122,0.261,0.294,86,8.5,15.1,0.244,0.366,0.299,31.1,4.3,87.5,18.5,109.9,51.7,32.9,15.4,17.2,56.99999999999999,25.7,1.78,209
Brooks Lee,MIN,118,447,413,101,14,43,57,2,0.245,0.293,0.383,0.676,0.138,0.268,0.295,86,5.8,17.4,0.248,0.393,0.303,38.6,6.2,88.7,13.3,110.3,42.5,34.5,23.0,14.499999999999998,57.49999999999999,28.000000000000004,3.0,210
Carlos Santana,- - -,117,456,397,89,11,49,52,7,0.224,0.316,0.332,0.648,0.108,0.257,0.291,85,11.4,19.1,0.225,0.354,0.299,36.9,5.1,87.5,16.8,112.9,50.3,33.8,15.9,20.4,51.300000000000004,28.300000000000004,1.68,211
Max Kepler,PHI,111,413,362,77,14,51,43,2,0.213,0.299,0.376,0.674,0.163,0.228,0.294,85,10.4,18.4,0.254,0.445,0.338,45.4,11.0,90.9,16.0,109.4,43.3,36.4,20.3,13.699999999999998,48.5,37.8,1.77,212
Chandler Simpson,TBR,89,355,332,96,0,43,22,39,0.289,0.324,0.34,0.664,0.051,0.322,0.294,84,5.1,10.1,0.291,0.334,0.295,15.299999999999999,0.0,83.7,0.1,107.7,29.4,43.8,26.8,20.7,66.2,13.0,1.98,213
Anthony Volpe,NYY,136,539,484,101,19,59,70,16,0.209,0.272,0.401,0.673,0.192,0.24,0.29,84,7.6,24.1,0.238,0.427,0.318,42.3,10.4,89.3,11.6,110.5,37.9,35.4,26.6,16.5,51.4,32.1,3.17,214
Kyle Isbel,KCR,122,371,335,89,4,41,31,4,0.266,0.306,0.37,0.677,0.104,0.321,0.296,84,5.4,18.6,0.231,0.303,0.258,35.6,1.4,87.6,9.3,109.5,39.9,35.9,24.2,22.1,52.7,25.3,3.44,215
Michael Harris II,ATL,137,553,527,132,17,47,77,15,0.25,0.271,0.412,0.683,0.161,0.285,0.291,84,2.5,20.1,0.276,0.442,0.319,43.3,8.0,90.3,7.5,114.1,39.3,39.1,21.6,17.4,52.0,30.599999999999998,8.04,216
Nolan Arenado,STL,96,394,361,85,10,43,43,2,0.235,0.294,0.366,0.66,0.13,0.239,0.286,83,7.1,9.9,0.25,0.373,0.296,33.0,4.0,86.9,19.2,108.3,44.8,30.9,24.4,19.4,57.10000000000001,23.5,1.39,217
Luis Urias,ATH,96,330,287,66,8,27,25,2,0.23,0.315,0.338,0.653,0.108,0.245,0.293,82,9.4,13.600000000000001,0.238,0.352,0.304,28.999999999999996,3.6000000000000005,86.2,14.5,107.4,44.1,35.9,20.0,20.4,51.4,28.199999999999996,1.45,218
Victor Scott II,STL,117,405,351,79,5,50,35,31,0.225,0.313,0.313,0.627,0.088,0.297,0.284,82,9.4,24.4,0.231,0.323,0.291,27.699999999999996,4.2,86.3,14.9,106.7,40.8,31.900000000000002,27.3,15.8,63.800000000000004,20.4,2.6,219
Luis Robert Jr.,CHW,110,431,382,85,14,52,53,33,0.223,0.297,0.364,0.661,0.141,0.274,0.289,82,9.3,26.0,0.256,0.438,0.33,40.8,10.1,89.4,18.2,115.8,45.3,29.2,25.5,16.8,53.6,29.600000000000005,2.8,220
Pedro Pages,STL,100,340,314,72,11,36,44,0,0.229,0.276,0.379,0.655,0.15,0.286,0.284,81,5.3,27.1,0.216,0.364,0.273,39.2,8.4,89.0,13.6,111.7,36.6,29.5,33.9,16.3,54.6,29.100000000000005,5.11,221
Alek Thomas,ARI,122,407,377,94,8,44,35,6,0.249,0.289,0.371,0.66,0.122,0.327,0.288,81,4.2,26.8,0.253,0.39,0.299,40.6,8.3,90.0,5.0,110.3,40.6,37.7,21.7,16.3,48.6,35.1,6.38,222
Eric Wagaman,MIA,122,454,418,99,9,48,45,3,0.237,0.289,0.371,0.659,0.134,0.282,0.288,80,6.800000000000001,20.7,0.263,0.436,0.324,46.0,7.000000000000001,90.7,10.6,113.5,39.0,37.8,23.2,14.6,51.2,34.1,3.04,223
Logan O'Hoppe,LAA,105,401,378,84,19,35,43,2,0.222,0.263,0.397,0.659,0.175,0.28,0.285,79,4.7,31.900000000000002,0.235,0.444,0.309,48.0,13.900000000000002,91.0,17.6,112.4,45.6,31.0,23.4,14.3,44.4,41.3,6.79,224
Matt McLain,CIN,124,498,439,99,13,63,43,16,0.226,0.305,0.346,0.651,0.121,0.292,0.29,79,9.4,27.1,0.222,0.362,0.295,38.9,7.1,88.5,16.1,109.9,33.8,37.3,28.9,16.7,53.400000000000006,29.9,2.88,225
Gabriel Arias,CLE,107,386,351,78,9,36,45,6,0.222,0.281,0.362,0.642,0.14,0.318,0.281,79,6.0,33.4,0.217,0.388,0.293,42.3,11.5,90.1,6.5,112.8,42.3,36.1,21.6,18.1,47.6,34.4,5.57,226
Michael Conforto,LAD,120,418,360,68,10,45,29,1,0.189,0.297,0.328,0.624,0.139,0.235,0.282,79,11.2,25.1,0.239,0.415,0.335,43.2,9.3,90.5,13.9,112.9,40.9,31.5,27.6,14.400000000000002,49.8,35.8,2.24,227
Luis Rengifo,LAA,127,475,438,108,7,50,33,8,0.247,0.297,0.34,0.638,0.094,0.294,0.282,77,6.3,18.9,0.271,0.39,0.312,33.8,5.1,87.5,6.3,109.2,33.8,40.3,25.900000000000002,16.5,57.4,26.1,3.0,228
Nolan Jones,CLE,121,362,316,68,5,33,31,8,0.215,0.305,0.313,0.618,0.098,0.289,0.278,77,10.2,26.5,0.241,0.404,0.322,47.3,8.9,91.0,12.8,112.7,35.7,36.2,28.1,12.9,52.2,34.8,2.6,229
Brenton Doyle,COL,118,464,430,106,14,52,53,15,0.247,0.292,0.398,0.689,0.151,0.302,0.299,76,6.3,24.8,0.26,0.449,0.325,45.6,11.9,90.1,9.9,111.3,44.7,33.4,21.9,15.0,46.3,38.8,3.94,230
Andres Gimenez,TOR,81,302,269,58,7,35,27,12,0.216,0.296,0.323,0.619,0.108,0.242,0.279,76,6.6000000000000005,17.2,0.263,0.381,0.324,28.300000000000004,3.7000000000000006,86.9,9.6,106.6,37.9,38.4,23.7,16.9,61.199999999999996,21.9,2.61,231
Bo Naylor,CLE,105,349,300,53,11,37,31,1,0.177,0.277,0.347,0.623,0.17,0.203,0.276,75,12.0,24.6,0.207,0.379,0.304,35.9,10.0,89.2,21.0,110.6,42.7,35.9,21.4,15.5,55.89999999999999,28.6,2.05,232
Isiah Kiner-Falefa,- - -,120,432,404,106,1,42,35,15,0.262,0.3,0.329,0.629,0.067,0.314,0.279,74,3.9,16.2,0.252,0.312,0.269,26.5,1.5,84.4,3.9,106.3,37.9,38.2,23.8,19.1,60.9,20.0,4.15,233
Dane Myers,MIA,99,318,292,68,6,28,27,17,0.233,0.292,0.325,0.618,0.092,0.292,0.276,72,7.200000000000001,23.6,0.251,0.395,0.308,39.9,7.3,90.4,9.8,108.1,38.5,39.4,22.0,13.8,55.00000000000001,31.2,3.28,234
Angel Martinez,CLE,116,414,386,87,10,48,41,7,0.225,0.261,0.363,0.624,0.137,0.271,0.27,71,3.9,23.2,0.225,0.328,0.259,30.5,3.4000000000000004,87.5,17.5,107.4,49.7,32.9,17.4,13.4,64.4,22.1,5.95,235
Joey Ortiz,MIL,126,439,405,94,7,56,43,11,0.232,0.283,0.326,0.609,0.094,0.26,0.271,71,5.9,14.6,0.252,0.339,0.285,33.2,3.2,85.5,14.2,109.8,30.3,36.7,32.9,26.3,48.0,25.7,2.47,236
Ke'Bryan Hayes,- - -,130,502,469,115,5,47,47,12,0.245,0.293,0.324,0.618,0.079,0.301,0.274,70,5.4,19.7,0.252,0.364,0.292,45.8,4.9,90.1,9.3,109.7,32.6,36.7,30.7,16.7,52.800000000000004,30.5,3.65,237
Jonah Heim,TEX,106,381,349,76,10,31,41,3,0.218,0.271,0.341,0.612,0.123,0.25,0.269,70,6.800000000000001,20.7,0.226,0.354,0.28,34.9,6.5,88.3,13.6,109.6,42.9,35.3,21.8,15.6,59.3,25.1,3.04,238
Jacob Young,WSN,105,326,289,68,1,31,26,14,0.235,0.303,0.287,0.59,0.052,0.288,0.268,69,7.7,16.9,0.268,0.338,0.301,32.9,2.1,87.6,3.5,106.8,29.600000000000005,41.2,29.2,19.8,61.3,18.9,2.19,239
Tyrone Taylor,NYM,109,328,298,65,2,33,25,11,0.218,0.277,0.315,0.592,0.097,0.28,0.262,68,4.9,22.3,0.263,0.374,0.305,34.8,3.9,86.3,19.7,109.5,47.2,30.599999999999998,22.3,21.8,46.3,31.900000000000002,4.55,240
Jordan Walker,STL,91,328,304,67,5,33,34,7,0.22,0.274,0.313,0.587,0.092,0.316,0.261,66,6.4,31.7,0.216,0.372,0.282,49.8,10.4,92.3,10.6,116.5,36.8,41.3,21.9,18.9,45.3,35.8,4.95,241
Taylor Walls,TBR,101,317,282,62,4,36,38,14,0.22,0.28,0.319,0.599,0.099,0.271,0.265,65,8.2,22.1,0.213,0.308,0.262,26.200000000000003,3.2,87.0,15.1,104.5,35.3,33.9,30.8,10.9,63.800000000000004,25.3,2.7,242
Jose Iglesias,SDP,98,304,271,60,1,26,30,4,0.221,0.292,0.266,0.558,0.044,0.265,0.256,64,7.200000000000001,16.1,0.238,0.294,0.274,24.7,0.9000000000000001,83.0,3.7,109.5,25.1,40.1,34.8,24.2,56.8,18.9,2.24,243
Patrick Bailey,SFG,113,382,343,72,3,35,41,1,0.21,0.27,0.297,0.567,0.087,0.301,0.253,61,7.1,30.4,0.204,0.324,0.262,36.9,5.5,88.7,15.6,109.8,36.0,38.6,25.4,15.7,55.50000000000001,28.800000000000004,4.28,244
Santiago Espinal,CIN,109,325,298,73,0,24,16,2,0.245,0.295,0.285,0.58,0.04,0.279,0.261,59,6.5,11.7,0.233,0.296,0.26,25.7,0.8,86.6,15.1,107.4,37.4,37.7,24.9,17.7,61.5,20.8,1.8,245
Trey Sweeney,DET,102,302,274,56,6,35,31,3,0.204,0.265,0.307,0.571,0.102,0.265,0.254,58,7.9,27.500000000000004,0.205,0.31,0.257,36.4,6.7,88.1,11.0,110.8,44.1,37.9,17.9,16.9,48.7,34.4,3.48,246
Michael Toglia,COL,85,329,299,58,11,22,32,3,0.194,0.261,0.361,0.623,0.167,0.287,0.27,56,8.2,38.3,0.208,0.369,0.28,43.4,10.3,89.9,17.7,111.4,44.6,32.6,22.9,13.100000000000001,52.0,34.9,4.67,247
Nick Allen,ATL,128,405,361,80,0,31,21,8,0.222,0.285,0.249,0.534,0.028,0.301,0.245,52,7.400000000000001,24.2,0.22,0.263,0.249,20.8,0.0,84.6,13.5,104.4,32.8,36.1,31.0,22.6,54.400000000000006,23.0,3.27,248
